Id,FileName,TimeStamp,FileSize 
1,201609_oew - Copy - Copy (2) - Copy.pdf,9/22/2021 4:33:33 PM,7260864 bytes 
2,201609_oew - Copy - Copy (2).pdf,9/22/2021 4:33:33 PM,7260864 bytes 
3,201609_oew - Copy - Copy (3) - Copy.pdf,9/22/2021 4:33:33 PM,7260864 bytes 
4,201609_oew - Copy - Copy (3).pdf,9/22/2021 4:33:33 PM,7260864 bytes 
5,201609_oew - Copy - Copy (4).pdf,9/22/2021 4:33:33 PM,7260864 bytes 
6,201609_oew - Copy - Copy - Copy (2).pdf,9/22/2021 4:33:33 PM,7260864 bytes 
7,201609_oew - Copy - Copy - Copy (3).pdf,9/22/2021 4:33:33 PM,7260864 bytes 
8,201609_oew - Copy - Copy - Copy - Copy (2).pdf,9/22/2021 4:33:33 PM,7260864 bytes 
9,201609_oew - Copy - Copy - Copy - Copy.pdf,9/22/2021 4:33:33 PM,7260864 bytes 
10,201609_oew - Copy - Copy - Copy.pdf,9/22/2021 4:33:33 PM,7260864 bytes 
11,201609_oew - Copy - Copy.pdf,9/22/2021 4:33:33 PM,7260864 bytes 
12,201609_oew - Copy.pdf,9/22/2021 4:33:33 PM,7260864 bytes 
13,201609_oew -Hommy - Copy (2).pdf,9/22/2021 4:33:33 PM,7260864 bytes 
14,201609_oew -Hommy - Copy (3).pdf,9/22/2021 4:33:33 PM,7260864 bytes 
15,201609_oew -Hommy - Copy - Copy (2).pdf,9/22/2021 4:33:33 PM,7260864 bytes 
16,201609_oew -Hommy - Copy - Copy.pdf,9/22/2021 4:33:33 PM,7260864 bytes 
17,201609_oew -Hommy - Copy.pdf,9/22/2021 4:33:33 PM,7260864 bytes 
18,201609_oew -Hommy.pdf,9/22/2021 4:33:33 PM,7260864 bytes 
19,201610_oew - Copy - Copy (2) - Copy.pdf,9/22/2021 4:33:33 PM,5803648 bytes 
20,201610_oew - Copy - Copy (2).pdf,9/22/2021 4:33:33 PM,5803648 bytes 
21,201610_oew - Copy - Copy (3) - Copy.pdf,9/22/2021 4:33:33 PM,5803648 bytes 
22,201610_oew - Copy - Copy (3).pdf,9/22/2021 4:33:33 PM,5803648 bytes 
23,201610_oew - Copy - Copy (4).pdf,9/22/2021 4:33:33 PM,5803648 bytes 
24,201610_oew - Copy - Copy - Copy (2).pdf,9/22/2021 4:33:33 PM,5803648 bytes 
25,201610_oew - Copy - Copy - Copy (3).pdf,9/22/2021 4:33:33 PM,5803648 bytes 
26,201610_oew - Copy - Copy - Copy - Copy (2).pdf,9/22/2021 4:33:33 PM,5803648 bytes 
27,201610_oew - Copy - Copy - Copy - Copy.pdf,9/22/2021 4:33:33 PM,5803648 bytes 
28,201610_oew - Copy - Copy - Copy.pdf,9/22/2021 4:33:33 PM,5803648 bytes 
29,201610_oew - Copy - Copy.pdf,9/22/2021 4:33:33 PM,5803648 bytes 
30,201610_oew - Copy.pdf,9/22/2021 4:33:33 PM,5803648 bytes 
31,201611_oew - Copy - Copy (2) - Copy.pdf,9/22/2021 4:33:33 PM,6762601 bytes 
32,201611_oew - Copy - Copy (2).pdf,9/22/2021 4:33:33 PM,6762601 bytes 
33,201611_oew - Copy - Copy (3) - Copy.pdf,9/22/2021 4:33:33 PM,6762601 bytes 
34,201611_oew - Copy - Copy (3).pdf,9/22/2021 4:33:33 PM,6762601 bytes 
35,201611_oew - Copy - Copy (4).pdf,9/22/2021 4:33:33 PM,6762601 bytes 
36,201611_oew - Copy - Copy - Copy (2).pdf,9/22/2021 4:33:33 PM,6762601 bytes 
37,201611_oew - Copy - Copy - Copy (3).pdf,9/22/2021 4:33:33 PM,6762601 bytes 
38,201611_oew - Copy - Copy - Copy - Copy (2).pdf,9/22/2021 4:33:33 PM,6762601 bytes 
39,201611_oew - Copy - Copy - Copy - Copy.pdf,9/22/2021 4:33:33 PM,6762601 bytes 
40,201611_oew - Copy - Copy - Copy.pdf,9/22/2021 4:33:33 PM,6762601 bytes 
41,201611_oew - Copy - Copy.pdf,9/22/2021 4:33:33 PM,6762601 bytes 
42,201611_oew - Copy.pdf,9/22/2021 4:33:33 PM,6762601 bytes 
43,201612_oew - Copy - Copy (2) - Copy.pdf,9/22/2021 4:33:33 PM,6351553 bytes 
44,201612_oew - Copy - Copy (2).pdf,9/22/2021 4:33:33 PM,6351553 bytes 
45,201612_oew - Copy - Copy (3) - Copy.pdf,9/22/2021 4:33:33 PM,6351553 bytes 
46,201612_oew - Copy - Copy (3).pdf,9/22/2021 4:33:33 PM,6351553 bytes 
47,201612_oew - Copy - Copy (4).pdf,9/22/2021 4:33:33 PM,6351553 bytes 
48,201612_oew - Copy - Copy - Copy (2).pdf,9/22/2021 4:33:33 PM,6351553 bytes 
49,201612_oew - Copy - Copy - Copy (3).pdf,9/22/2021 4:33:33 PM,6351553 bytes 
50,201612_oew - Copy - Copy - Copy - Copy (2).pdf,9/22/2021 4:33:33 PM,6351553 bytes 
51,201612_oew - Copy - Copy - Copy - Copy.pdf,9/22/2021 4:33:33 PM,6351553 bytes 
52,201612_oew - Copy - Copy - Copy.pdf,9/22/2021 4:33:33 PM,6351553 bytes 
53,201612_oew - Copy - Copy.pdf,9/22/2021 4:33:33 PM,6351553 bytes 
54,201612_oew - Copy.pdf,9/22/2021 4:33:33 PM,6351553 bytes 
55,201702_oew - Copy - Copy (2) - Copy.pdf,9/22/2021 4:33:33 PM,6684442 bytes 
56,201702_oew - Copy - Copy (2).pdf,9/22/2021 4:33:33 PM,6684442 bytes 
57,201702_oew - Copy - Copy (3) - Copy.pdf,9/22/2021 4:33:33 PM,6684442 bytes 
58,201702_oew - Copy - Copy (3).pdf,9/22/2021 4:33:33 PM,6684442 bytes 
59,201702_oew - Copy - Copy (4).pdf,9/22/2021 4:33:33 PM,6684442 bytes 
60,201702_oew - Copy - Copy - Copy (2).pdf,9/22/2021 4:33:33 PM,6684442 bytes 
61,201702_oew - Copy - Copy - Copy (3).pdf,9/22/2021 4:33:33 PM,6684442 bytes 
62,201702_oew - Copy - Copy - Copy - Copy (2).pdf,9/22/2021 4:33:33 PM,6684442 bytes 
63,201702_oew - Copy - Copy - Copy - Copy.pdf,9/22/2021 4:33:33 PM,6684442 bytes 
64,201702_oew - Copy - Copy - Copy.pdf,9/22/2021 4:33:33 PM,6684442 bytes 
65,201702_oew - Copy - Copy.pdf,9/22/2021 4:33:33 PM,6684442 bytes 
66,201702_oew - Copy.pdf,9/22/2021 4:33:33 PM,6684442 bytes 
67,201703_oew - Copy - Copy (2) - Copy.pdf,9/22/2021 4:33:33 PM,7105479 bytes 
68,201703_oew - Copy - Copy (2).pdf,9/22/2021 4:33:33 PM,7105479 bytes 
69,201703_oew - Copy - Copy (3) - Copy.pdf,9/22/2021 4:33:33 PM,7105479 bytes 
70,201703_oew - Copy - Copy (3).pdf,9/22/2021 4:33:33 PM,7105479 bytes 
71,201703_oew - Copy - Copy (4).pdf,9/22/2021 4:33:33 PM,7105479 bytes 
72,201703_oew - Copy - Copy - Copy (2).pdf,9/22/2021 4:33:33 PM,7105479 bytes 
73,201703_oew - Copy - Copy - Copy (3).pdf,9/22/2021 4:33:33 PM,7105479 bytes 
74,201703_oew - Copy - Copy - Copy - Copy (2).pdf,9/22/2021 4:33:33 PM,7105479 bytes 
75,201703_oew - Copy - Copy - Copy - Copy.pdf,9/22/2021 4:33:33 PM,7105479 bytes 
76,201703_oew - Copy - Copy - Copy.pdf,9/22/2021 4:33:33 PM,7105479 bytes 
77,201703_oew - Copy - Copy.pdf,9/22/2021 4:33:33 PM,7105479 bytes 
78,201703_oew - Copy.pdf,9/22/2021 4:33:33 PM,7105479 bytes 
79,201704_oew - Copy - Copy (2) - Copy.pdf,9/22/2021 4:33:33 PM,7383778 bytes 
80,201704_oew - Copy - Copy (2).pdf,9/22/2021 4:33:33 PM,7383778 bytes 
81,201704_oew - Copy - Copy (3) - Copy.pdf,9/22/2021 4:33:33 PM,7383778 bytes 
82,201704_oew - Copy - Copy (3).pdf,9/22/2021 4:33:33 PM,7383778 bytes 
83,201704_oew - Copy - Copy (4).pdf,9/22/2021 4:33:33 PM,7383778 bytes 
84,201704_oew - Copy - Copy - Copy (2).pdf,9/22/2021 4:33:33 PM,7383778 bytes 
85,201704_oew - Copy - Copy - Copy (3).pdf,9/22/2021 4:33:33 PM,7383778 bytes 
86,201704_oew - Copy - Copy - Copy - Copy (2).pdf,9/22/2021 4:33:33 PM,7383778 bytes 
87,201704_oew - Copy - Copy - Copy - Copy.pdf,9/22/2021 4:33:33 PM,7383778 bytes 
88,201704_oew - Copy - Copy - Copy.pdf,9/22/2021 4:33:33 PM,7383778 bytes 
89,201704_oew - Copy - Copy.pdf,9/22/2021 4:33:33 PM,7383778 bytes 
90,201704_oew - Copy.pdf,9/22/2021 4:33:33 PM,7383778 bytes 
91,201705_oew - Copy - Copy (2) - Copy.pdf,9/22/2021 4:33:33 PM,6362453 bytes 
92,201705_oew - Copy - Copy (2).pdf,9/22/2021 4:33:33 PM,6362453 bytes 
93,201705_oew - Copy - Copy (3) - Copy.pdf,9/22/2021 4:33:33 PM,6362453 bytes 
94,201705_oew - Copy - Copy (3).pdf,9/22/2021 4:33:33 PM,6362453 bytes 
95,201705_oew - Copy - Copy (4).pdf,9/22/2021 4:33:33 PM,6362453 bytes 
96,201705_oew - Copy - Copy - Copy (2).pdf,9/22/2021 4:33:33 PM,6362453 bytes 
97,201705_oew - Copy - Copy - Copy (3).pdf,9/22/2021 4:33:33 PM,6362453 bytes 
98,201705_oew - Copy - Copy - Copy - Copy (2).pdf,9/22/2021 4:33:33 PM,6362453 bytes 
99,201705_oew - Copy - Copy - Copy - Copy.pdf,9/22/2021 4:33:33 PM,6362453 bytes 
100,201705_oew - Copy - Copy - Copy.pdf,9/22/2021 4:33:33 PM,6362453 bytes 
101,201705_oew - Copy - Copy.pdf,9/22/2021 4:33:33 PM,6362453 bytes 
102,201705_oew - Copy.pdf,9/22/2021 4:33:33 PM,6362453 bytes 
103,201707_01_oew - Copy - Copy (2) - Copy.pdf,9/22/2021 4:33:33 PM,6958659 bytes 
104,201707_01_oew - Copy - Copy (2).pdf,9/22/2021 4:33:33 PM,6958659 bytes 
105,201707_01_oew - Copy - Copy (3) - Copy.pdf,9/22/2021 4:33:33 PM,6958659 bytes 
106,201707_01_oew - Copy - Copy (3).pdf,9/22/2021 4:33:33 PM,6958659 bytes 
107,201707_01_oew - Copy - Copy (4).pdf,9/22/2021 4:33:33 PM,6958659 bytes 
108,201707_01_oew - Copy - Copy - Copy (2).pdf,9/22/2021 4:33:33 PM,6958659 bytes 
109,201707_01_oew - Copy - Copy - Copy (3).pdf,9/22/2021 4:33:33 PM,6958659 bytes 
110,201707_01_oew - Copy - Copy - Copy - Copy (2).pdf,9/22/2021 4:33:33 PM,6958659 bytes 
111,201707_01_oew - Copy - Copy - Copy - Copy.pdf,9/22/2021 4:33:33 PM,6958659 bytes 
112,201707_01_oew - Copy - Copy - Copy.pdf,9/22/2021 4:33:33 PM,6958659 bytes 
113,201707_01_oew - Copy - Copy.pdf,9/22/2021 4:33:33 PM,6958659 bytes 
114,201707_01_oew - Copy.pdf,9/22/2021 4:33:33 PM,6958659 bytes 
115,201707_02_oew - Copy - Copy (2) - Copy.pdf,9/22/2021 4:33:33 PM,5282221 bytes 
116,201707_02_oew - Copy - Copy (2).pdf,9/22/2021 4:33:33 PM,5282221 bytes 
117,201707_02_oew - Copy - Copy (3) - Copy.pdf,9/22/2021 4:33:33 PM,5282221 bytes 
118,201707_02_oew - Copy - Copy (3).pdf,9/22/2021 4:33:33 PM,5282221 bytes 
119,201707_02_oew - Copy - Copy (4).pdf,9/22/2021 4:33:33 PM,5282221 bytes 
120,201707_02_oew - Copy - Copy - Copy (2).pdf,9/22/2021 4:33:33 PM,5282221 bytes 
121,201707_02_oew - Copy - Copy - Copy (3).pdf,9/22/2021 4:33:33 PM,5282221 bytes 
122,201707_02_oew - Copy - Copy - Copy - Copy (2).pdf,9/22/2021 4:33:33 PM,5282221 bytes 
123,201707_02_oew - Copy - Copy - Copy - Copy.pdf,9/22/2021 4:33:33 PM,5282221 bytes 
124,201707_02_oew - Copy - Copy - Copy.pdf,9/22/2021 4:33:33 PM,5282221 bytes 
125,201707_02_oew - Copy - Copy.pdf,9/22/2021 4:33:33 PM,5282221 bytes 
126,201707_02_oew - Copy.pdf,9/22/2021 4:33:33 PM,5282221 bytes 
127,201708_oew - Copy - Copy (2) - Copy.pdf,9/22/2021 4:33:33 PM,6816110 bytes 
128,201708_oew - Copy - Copy (2).pdf,9/22/2021 4:33:33 PM,6816110 bytes 
129,201708_oew - Copy - Copy (3) - Copy.pdf,9/22/2021 4:33:33 PM,6816110 bytes 
130,201708_oew - Copy - Copy (3).pdf,9/22/2021 4:33:33 PM,6816110 bytes 
131,201708_oew - Copy - Copy (4).pdf,9/22/2021 4:33:33 PM,6816110 bytes 
132,201708_oew - Copy - Copy - Copy (2).pdf,9/22/2021 4:33:33 PM,6816110 bytes 
133,201708_oew - Copy - Copy - Copy (3).pdf,9/22/2021 4:33:33 PM,6816110 bytes 
134,201708_oew - Copy - Copy - Copy - Copy (2).pdf,9/22/2021 4:33:33 PM,6816110 bytes 
135,201708_oew - Copy - Copy - Copy - Copy.pdf,9/22/2021 4:33:33 PM,6816110 bytes 
136,201708_oew - Copy - Copy - Copy.pdf,9/22/2021 4:33:33 PM,6816110 bytes 
137,201708_oew - Copy - Copy.pdf,9/22/2021 4:33:33 PM,6816110 bytes 
138,201708_oew - Copy.pdf,9/22/2021 4:33:33 PM,6816110 bytes 
139,201709_oew - Copy - Copy (2) - Copy.pdf,9/22/2021 4:33:33 PM,6234739 bytes 
140,201709_oew - Copy - Copy (2).pdf,9/22/2021 4:33:33 PM,6234739 bytes 
141,201709_oew - Copy - Copy (3) - Copy.pdf,9/22/2021 4:33:33 PM,6234739 bytes 
142,201709_oew - Copy - Copy (3).pdf,9/22/2021 4:33:33 PM,6234739 bytes 
143,201709_oew - Copy - Copy (4).pdf,9/22/2021 4:33:33 PM,6234739 bytes 
144,201709_oew - Copy - Copy - Copy (2).pdf,9/22/2021 4:33:33 PM,6234739 bytes 
145,201709_oew - Copy - Copy - Copy (3).pdf,9/22/2021 4:33:33 PM,6234739 bytes 
146,201709_oew - Copy - Copy - Copy - Copy (2).pdf,9/22/2021 4:33:33 PM,6234739 bytes 
147,201709_oew - Copy - Copy - Copy - Copy.pdf,9/22/2021 4:33:33 PM,6234739 bytes 
148,201709_oew - Copy - Copy - Copy.pdf,9/22/2021 4:33:33 PM,6234739 bytes 
149,201709_oew - Copy - Copy.pdf,9/22/2021 4:33:33 PM,6234739 bytes 
150,201709_oew - Copy.pdf,9/22/2021 4:33:33 PM,6234739 bytes 
151,201710_oew - Copy - Copy - Copy - Copy (2).pdf,9/22/2021 4:33:33 PM,7189939 bytes 
152,201711_oew - Copy - Copy (2) - Copy.pdf,9/22/2021 4:33:33 PM,8166222 bytes 
153,201711_oew - Copy - Copy (2).pdf,9/22/2021 4:33:33 PM,8166222 bytes 
154,201711_oew - Copy - Copy (3) - Copy.pdf,9/22/2021 4:33:33 PM,8166222 bytes 
155,201711_oew - Copy - Copy (3).pdf,9/22/2021 4:33:33 PM,8166222 bytes 
156,201711_oew - Copy - Copy (4).pdf,9/22/2021 4:33:33 PM,8166222 bytes 
157,201711_oew - Copy - Copy - Copy (2).pdf,9/22/2021 4:33:33 PM,8166222 bytes 
158,201711_oew - Copy - Copy - Copy (3).pdf,9/22/2021 4:33:33 PM,8166222 bytes 
159,201711_oew - Copy - Copy - Copy - Copy (2).pdf,9/22/2021 4:33:33 PM,8166222 bytes 
160,201711_oew - Copy - Copy - Copy - Copy.pdf,9/22/2021 4:33:33 PM,8166222 bytes 
161,201711_oew - Copy - Copy - Copy.pdf,9/22/2021 4:33:33 PM,8166222 bytes 
162,201711_oew - Copy - Copy.pdf,9/22/2021 4:33:33 PM,8166222 bytes 
163,201711_oew - Copy.pdf,9/22/2021 4:33:33 PM,8166222 bytes 
164,201712_oew - Copy - Copy (2) - Copy.pdf,9/22/2021 4:33:33 PM,8584939 bytes 
165,201712_oew - Copy - Copy (2).pdf,9/22/2021 4:33:33 PM,8584939 bytes 
166,201712_oew - Copy - Copy (3) - Copy.pdf,9/22/2021 4:33:33 PM,8584939 bytes 
167,201712_oew - Copy - Copy (3).pdf,9/22/2021 4:33:33 PM,8584939 bytes 
168,201712_oew - Copy - Copy (4).pdf,9/22/2021 4:33:33 PM,8584939 bytes 
169,201712_oew - Copy - Copy - Copy (2).pdf,9/22/2021 4:33:33 PM,8584939 bytes 
170,201712_oew - Copy - Copy - Copy (3).pdf,9/22/2021 4:33:33 PM,8584939 bytes 
171,201712_oew - Copy - Copy - Copy - Copy (2).pdf,9/22/2021 4:33:33 PM,8584939 bytes 
172,201712_oew - Copy - Copy - Copy - Copy.pdf,9/22/2021 4:33:33 PM,8584939 bytes 
173,201712_oew - Copy - Copy - Copy.pdf,9/22/2021 4:33:33 PM,8584939 bytes 
174,201712_oew - Copy - Copy.pdf,9/22/2021 4:33:33 PM,8584939 bytes 
175,201712_oew - Copy.pdf,9/22/2021 4:33:33 PM,8584939 bytes 
176,201801_oew - Copy - Copy (2) - Copy.pdf,9/22/2021 4:33:33 PM,7925347 bytes 
177,201801_oew - Copy - Copy (2).pdf,9/22/2021 4:33:33 PM,7925347 bytes 
178,201801_oew - Copy - Copy (3) - Copy.pdf,9/22/2021 4:33:33 PM,7925347 bytes 
179,201801_oew - Copy - Copy (3).pdf,9/22/2021 4:33:33 PM,7925347 bytes 
180,201801_oew - Copy - Copy (4).pdf,9/22/2021 4:33:33 PM,7925347 bytes 
181,201801_oew - Copy - Copy - Copy (2).pdf,9/22/2021 4:33:33 PM,7925347 bytes 
182,201801_oew - Copy - Copy - Copy (3).pdf,9/22/2021 4:33:33 PM,7925347 bytes 
183,201801_oew - Copy - Copy - Copy - Copy (2).pdf,9/22/2021 4:33:33 PM,7925347 bytes 
184,201801_oew - Copy - Copy - Copy - Copy.pdf,9/22/2021 4:33:33 PM,7925347 bytes 
185,201801_oew - Copy - Copy - Copy.pdf,9/22/2021 4:33:33 PM,7925347 bytes 
186,201801_oew - Copy - Copy.pdf,9/22/2021 4:33:33 PM,7925347 bytes 
187,201801_oew - Copy.pdf,9/22/2021 4:33:33 PM,7925347 bytes 
188,201802_oew - Copy - Copy (2) - Copy.pdf,9/22/2021 4:33:33 PM,8022200 bytes 
189,201802_oew - Copy - Copy (2).pdf,9/22/2021 4:33:33 PM,8022200 bytes 
190,201802_oew - Copy - Copy (3) - Copy.pdf,9/22/2021 4:33:33 PM,8022200 bytes 
191,201802_oew - Copy - Copy (3).pdf,9/22/2021 4:33:33 PM,8022200 bytes 
192,201802_oew - Copy - Copy (4).pdf,9/22/2021 4:33:33 PM,8022200 bytes 
193,201802_oew - Copy - Copy - Copy (2).pdf,9/22/2021 4:33:33 PM,8022200 bytes 
194,201802_oew - Copy - Copy - Copy (3).pdf,9/22/2021 4:33:33 PM,8022200 bytes 
195,201802_oew - Copy - Copy - Copy - Copy (2).pdf,9/22/2021 4:33:33 PM,8022200 bytes 
196,201802_oew - Copy - Copy - Copy - Copy.pdf,9/22/2021 4:33:33 PM,8022200 bytes 
197,201802_oew - Copy - Copy - Copy.pdf,9/22/2021 4:33:33 PM,8022200 bytes 
198,201802_oew - Copy - Copy.pdf,9/22/2021 4:33:33 PM,8022200 bytes 
199,201802_oew - Copy.pdf,9/22/2021 4:33:33 PM,8022200 bytes 
200,201803_oew - Copy - Copy (2) - Copy.pdf,9/22/2021 4:33:34 PM,8895542 bytes 
201,201803_oew - Copy - Copy (2).pdf,9/22/2021 4:33:34 PM,8895542 bytes 
202,201803_oew - Copy - Copy (3) - Copy.pdf,9/22/2021 4:33:34 PM,8895542 bytes 
203,201803_oew - Copy - Copy (3).pdf,9/22/2021 4:33:34 PM,8895542 bytes 
204,201803_oew - Copy - Copy (4).pdf,9/22/2021 4:33:34 PM,8895542 bytes 
205,201803_oew - Copy - Copy - Copy (2).pdf,9/22/2021 4:33:34 PM,8895542 bytes 
206,201803_oew - Copy - Copy - Copy (3).pdf,9/22/2021 4:33:34 PM,8895542 bytes 
207,201803_oew - Copy - Copy - Copy - Copy (2).pdf,9/22/2021 4:33:34 PM,8895542 bytes 
208,201803_oew - Copy - Copy - Copy - Copy.pdf,9/22/2021 4:33:34 PM,8895542 bytes 
209,201803_oew - Copy - Copy - Copy.pdf,9/22/2021 4:33:34 PM,8895542 bytes 
210,201803_oew - Copy - Copy.pdf,9/22/2021 4:33:34 PM,8895542 bytes 
211,201803_oew - Copy.pdf,9/22/2021 4:33:34 PM,8895542 bytes 
212,201804_oew - Copy - Copy (2) - Copy.pdf,9/22/2021 4:33:34 PM,7864496 bytes 
213,201804_oew - Copy - Copy (2).pdf,9/22/2021 4:33:34 PM,7864496 bytes 
214,201804_oew - Copy - Copy (3) - Copy.pdf,9/22/2021 4:33:34 PM,7864496 bytes 
215,201804_oew - Copy - Copy (3).pdf,9/22/2021 4:33:34 PM,7864496 bytes 
216,201804_oew - Copy - Copy (4).pdf,9/22/2021 4:33:34 PM,7864496 bytes 
217,201804_oew - Copy - Copy - Copy (2).pdf,9/22/2021 4:33:34 PM,7864496 bytes 
218,201804_oew - Copy - Copy - Copy (3).pdf,9/22/2021 4:33:34 PM,7864496 bytes 
219,201804_oew - Copy - Copy - Copy - Copy (2).pdf,9/22/2021 4:33:34 PM,7864496 bytes 
220,201804_oew - Copy - Copy - Copy - Copy.pdf,9/22/2021 4:33:34 PM,7864496 bytes 
221,201804_oew - Copy - Copy - Copy.pdf,9/22/2021 4:33:34 PM,7864496 bytes 
222,201804_oew - Copy - Copy.pdf,9/22/2021 4:33:34 PM,7864496 bytes 
223,201804_oew - Copy.pdf,9/22/2021 4:33:34 PM,7864496 bytes 
224,201805_oew - Copy - Copy (2) - Copy.pdf,9/22/2021 4:33:34 PM,9307566 bytes 
225,201805_oew - Copy - Copy (2).pdf,9/22/2021 4:33:34 PM,9307566 bytes 
226,201805_oew - Copy - Copy (3) - Copy.pdf,9/22/2021 4:33:34 PM,9307566 bytes 
227,201805_oew - Copy - Copy (3).pdf,9/22/2021 4:33:34 PM,9307566 bytes 
228,201805_oew - Copy - Copy (4).pdf,9/22/2021 4:33:34 PM,9307566 bytes 
229,201805_oew - Copy - Copy - Copy (2).pdf,9/22/2021 4:33:34 PM,9307566 bytes 
230,201805_oew - Copy - Copy - Copy (3).pdf,9/22/2021 4:33:34 PM,9307566 bytes 
231,201805_oew - Copy - Copy - Copy - Copy (2).pdf,9/22/2021 4:33:34 PM,9307566 bytes 
232,201805_oew - Copy - Copy - Copy - Copy.pdf,9/22/2021 4:33:34 PM,9307566 bytes 
233,201805_oew - Copy - Copy - Copy.pdf,9/22/2021 4:33:34 PM,9307566 bytes 
234,201805_oew - Copy - Copy.pdf,9/22/2021 4:33:34 PM,9307566 bytes 
235,201805_oew - Copy.pdf,9/22/2021 4:33:34 PM,9307566 bytes 
236,201806_oew - Copy - Copy (2) - Copy.pdf,9/22/2021 4:33:34 PM,8387449 bytes 
237,201806_oew - Copy - Copy (2).pdf,9/22/2021 4:33:34 PM,8387449 bytes 
238,201806_oew - Copy - Copy (3) - Copy.pdf,9/22/2021 4:33:34 PM,8387449 bytes 
239,201806_oew - Copy - Copy (3).pdf,9/22/2021 4:33:34 PM,8387449 bytes 
240,201806_oew - Copy - Copy (4).pdf,9/22/2021 4:33:34 PM,8387449 bytes 
241,201806_oew - Copy - Copy - Copy (2).pdf,9/22/2021 4:33:34 PM,8387449 bytes 
242,201806_oew - Copy - Copy - Copy (3).pdf,9/22/2021 4:33:34 PM,8387449 bytes 
243,201806_oew - Copy - Copy - Copy - Copy (2).pdf,9/22/2021 4:33:34 PM,8387449 bytes 
244,201806_oew - Copy - Copy - Copy - Copy.pdf,9/22/2021 4:33:34 PM,8387449 bytes 
245,201806_oew - Copy - Copy - Copy.pdf,9/22/2021 4:33:34 PM,8387449 bytes 
246,201806_oew - Copy - Copy.pdf,9/22/2021 4:33:34 PM,8387449 bytes 
247,201806_oew - Copy.pdf,9/22/2021 4:33:34 PM,8387449 bytes 
248,201807_oew - Copy - Copy (2) - Copy.pdf,9/22/2021 4:33:34 PM,8125383 bytes 
249,201807_oew - Copy - Copy (2).pdf,9/22/2021 4:33:34 PM,8125383 bytes 
250,201807_oew - Copy - Copy (3) - Copy.pdf,9/22/2021 4:33:34 PM,8125383 bytes 
251,201807_oew - Copy - Copy (3).pdf,9/22/2021 4:33:34 PM,8125383 bytes 
252,201807_oew - Copy - Copy (4).pdf,9/22/2021 4:33:34 PM,8125383 bytes 
253,201807_oew - Copy - Copy - Copy (2).pdf,9/22/2021 4:33:34 PM,8125383 bytes 
254,201807_oew - Copy - Copy - Copy (3).pdf,9/22/2021 4:33:34 PM,8125383 bytes 
255,201807_oew - Copy - Copy - Copy - Copy (2).pdf,9/22/2021 4:33:34 PM,8125383 bytes 
256,201807_oew - Copy - Copy - Copy - Copy.pdf,9/22/2021 4:33:34 PM,8125383 bytes 
257,201807_oew - Copy - Copy - Copy.pdf,9/22/2021 4:33:34 PM,8125383 bytes 
258,201807_oew - Copy - Copy.pdf,9/22/2021 4:33:34 PM,8125383 bytes 
259,201807_oew - Copy.pdf,9/22/2021 4:33:34 PM,8125383 bytes 
260,201808_oew - Copy - Copy (2) - Copy.pdf,9/22/2021 4:33:34 PM,7596127 bytes 
261,201808_oew - Copy - Copy (2).pdf,9/22/2021 4:33:34 PM,7596127 bytes 
262,201808_oew - Copy - Copy (3) - Copy.pdf,9/22/2021 4:33:34 PM,7596127 bytes 
263,201808_oew - Copy - Copy (3).pdf,9/22/2021 4:33:34 PM,7596127 bytes 
264,201808_oew - Copy - Copy (4).pdf,9/22/2021 4:33:34 PM,7596127 bytes 
265,201808_oew - Copy - Copy - Copy (2).pdf,9/22/2021 4:33:34 PM,7596127 bytes 
266,201808_oew - Copy - Copy - Copy (3).pdf,9/22/2021 4:33:34 PM,7596127 bytes 
267,201808_oew - Copy - Copy - Copy - Copy (2).pdf,9/22/2021 4:33:34 PM,7596127 bytes 
268,201808_oew - Copy - Copy - Copy - Copy.pdf,9/22/2021 4:33:34 PM,7596127 bytes 
269,201808_oew - Copy - Copy - Copy.pdf,9/22/2021 4:33:34 PM,7596127 bytes 
270,201808_oew - Copy - Copy.pdf,9/22/2021 4:33:34 PM,7596127 bytes 
271,201808_oew - Copy.pdf,9/22/2021 4:33:34 PM,7596127 bytes 
272,201809_oew - Copy - Copy (2) - Copy.pdf,9/22/2021 4:33:34 PM,8997427 bytes 
273,201809_oew - Copy - Copy (2).pdf,9/22/2021 4:33:34 PM,8997427 bytes 
274,201809_oew - Copy - Copy (3) - Copy.pdf,9/22/2021 4:33:34 PM,8997427 bytes 
275,201809_oew - Copy - Copy (3).pdf,9/22/2021 4:33:34 PM,8997427 bytes 
276,201809_oew - Copy - Copy (4).pdf,9/22/2021 4:33:34 PM,8997427 bytes 
277,201809_oew - Copy - Copy - Copy (2).pdf,9/22/2021 4:33:34 PM,8997427 bytes 
278,201809_oew - Copy - Copy - Copy (3).pdf,9/22/2021 4:33:34 PM,8997427 bytes 
279,201809_oew - Copy - Copy - Copy - Copy (2).pdf,9/22/2021 4:33:34 PM,8997427 bytes 
280,201809_oew - Copy - Copy - Copy - Copy.pdf,9/22/2021 4:33:34 PM,8997427 bytes 
281,201809_oew - Copy - Copy - Copy.pdf,9/22/2021 4:33:34 PM,8997427 bytes 
282,201809_oew - Copy - Copy.pdf,9/22/2021 4:33:34 PM,8997427 bytes 
283,201809_oew - Copy.pdf,9/22/2021 4:33:34 PM,8997427 bytes 
284,201810_oew - Copy - Copy (2) - Copy.pdf,9/22/2021 4:33:34 PM,8285957 bytes 
285,201810_oew - Copy - Copy (2).pdf,9/22/2021 4:33:34 PM,8285957 bytes 
286,201810_oew - Copy - Copy (3) - Copy.pdf,9/22/2021 4:33:34 PM,8285957 bytes 
287,201810_oew - Copy - Copy (3).pdf,9/22/2021 4:33:34 PM,8285957 bytes 
288,201810_oew - Copy - Copy (4).pdf,9/22/2021 4:33:34 PM,8285957 bytes 
289,201810_oew - Copy - Copy - Copy (2).pdf,9/22/2021 4:33:34 PM,8285957 bytes 
290,201810_oew - Copy - Copy - Copy (3).pdf,9/22/2021 4:33:34 PM,8285957 bytes 
291,201810_oew - Copy - Copy - Copy - Copy (2).pdf,9/22/2021 4:33:34 PM,8285957 bytes 
292,201810_oew - Copy - Copy - Copy - Copy.pdf,9/22/2021 4:33:34 PM,8285957 bytes 
293,201810_oew - Copy - Copy - Copy.pdf,9/22/2021 4:33:34 PM,8285957 bytes 
294,201810_oew - Copy - Copy.pdf,9/22/2021 4:33:34 PM,8285957 bytes 
295,201810_oew - Copy.pdf,9/22/2021 4:33:34 PM,8285957 bytes 
296,201811_oew - Copy - Copy (2) - Copy.pdf,9/22/2021 4:33:34 PM,8502270 bytes 
297,201811_oew - Copy - Copy (2).pdf,9/22/2021 4:33:34 PM,8502270 bytes 
298,201811_oew - Copy - Copy (3) - Copy.pdf,9/22/2021 4:33:34 PM,8502270 bytes 
299,201811_oew - Copy - Copy (3).pdf,9/22/2021 4:33:34 PM,8502270 bytes 
300,201811_oew - Copy - Copy (4).pdf,9/22/2021 4:33:34 PM,8502270 bytes 
301,201811_oew - Copy - Copy - Copy (2).pdf,9/22/2021 4:33:34 PM,8502270 bytes 
302,201811_oew - Copy - Copy - Copy (3).pdf,9/22/2021 4:33:34 PM,8502270 bytes 
303,201811_oew - Copy - Copy - Copy - Copy (2).pdf,9/22/2021 4:33:34 PM,8502270 bytes 
304,201811_oew - Copy - Copy - Copy - Copy.pdf,9/22/2021 4:33:34 PM,8502270 bytes 
305,201811_oew - Copy - Copy - Copy.pdf,9/22/2021 4:33:34 PM,8502270 bytes 
306,201811_oew - Copy - Copy.pdf,9/22/2021 4:33:34 PM,8502270 bytes 
307,201811_oew - Copy.pdf,9/22/2021 4:33:34 PM,8502270 bytes 
308,201812_oew - Copy - Copy (2) - Copy.pdf,9/22/2021 4:33:34 PM,8636563 bytes 
309,201812_oew - Copy - Copy (2).pdf,9/22/2021 4:33:34 PM,8636563 bytes 
310,201812_oew - Copy - Copy (3) - Copy.pdf,9/22/2021 4:33:34 PM,8636563 bytes 
311,201812_oew - Copy - Copy (3).pdf,9/22/2021 4:33:34 PM,8636563 bytes 
312,201812_oew - Copy - Copy (4).pdf,9/22/2021 4:33:34 PM,8636563 bytes 
313,201812_oew - Copy - Copy - Copy (2).pdf,9/22/2021 4:33:34 PM,8636563 bytes 
314,201812_oew - Copy - Copy - Copy (3).pdf,9/22/2021 4:33:34 PM,8636563 bytes 
315,201812_oew - Copy - Copy - Copy - Copy (2).pdf,9/22/2021 4:33:34 PM,8636563 bytes 
316,201812_oew - Copy - Copy - Copy - Copy.pdf,9/22/2021 4:33:34 PM,8636563 bytes 
317,201812_oew - Copy - Copy - Copy.pdf,9/22/2021 4:33:34 PM,8636563 bytes 
318,201812_oew - Copy - Copy.pdf,9/22/2021 4:33:34 PM,8636563 bytes 
319,201812_oew - Copy.pdf,9/22/2021 4:33:34 PM,8636563 bytes 
320,201901_oew - Copy - Copy (2) - Copy.pdf,9/22/2021 4:33:34 PM,6492633 bytes 
321,201901_oew - Copy - Copy (2).pdf,9/22/2021 4:33:34 PM,6492633 bytes 
322,201901_oew - Copy - Copy (3) - Copy.pdf,9/22/2021 4:33:34 PM,6492633 bytes 
323,201901_oew - Copy - Copy (3).pdf,9/22/2021 4:33:34 PM,6492633 bytes 
324,201901_oew - Copy - Copy (4).pdf,9/22/2021 4:33:34 PM,6492633 bytes 
325,201901_oew - Copy - Copy - Copy (2).pdf,9/22/2021 4:33:34 PM,6492633 bytes 
326,201901_oew - Copy - Copy - Copy (3).pdf,9/22/2021 4:33:34 PM,6492633 bytes 
327,201901_oew - Copy - Copy - Copy - Copy (2).pdf,9/22/2021 4:33:34 PM,6492633 bytes 
328,201901_oew - Copy - Copy - Copy - Copy.pdf,9/22/2021 4:33:34 PM,6492633 bytes 
329,201901_oew - Copy - Copy - Copy.pdf,9/22/2021 4:33:34 PM,6492633 bytes 
330,201901_oew - Copy - Copy.pdf,9/22/2021 4:33:34 PM,6492633 bytes 
331,201901_oew - Copy.pdf,9/22/2021 4:33:34 PM,6492633 bytes 
332,201902_oew - Copy - Copy (2) - Copy.pdf,9/22/2021 4:33:34 PM,8604590 bytes 
333,201902_oew - Copy - Copy (2).pdf,9/22/2021 4:33:34 PM,8604590 bytes 
334,201902_oew - Copy - Copy (3) - Copy.pdf,9/22/2021 4:33:34 PM,8604590 bytes 
335,201902_oew - Copy - Copy (3).pdf,9/22/2021 4:33:34 PM,8604590 bytes 
336,201902_oew - Copy - Copy (4).pdf,9/22/2021 4:33:34 PM,8604590 bytes 
337,201902_oew - Copy - Copy - Copy (2).pdf,9/22/2021 4:33:34 PM,8604590 bytes 
338,201902_oew - Copy - Copy - Copy (3).pdf,9/22/2021 4:33:34 PM,8604590 bytes 
339,201902_oew - Copy - Copy - Copy - Copy (2).pdf,9/22/2021 4:33:34 PM,8604590 bytes 
340,201902_oew - Copy - Copy - Copy - Copy.pdf,9/22/2021 4:33:34 PM,8604590 bytes 
341,201902_oew - Copy - Copy - Copy.pdf,9/22/2021 4:33:34 PM,8604590 bytes 
342,201902_oew - Copy - Copy.pdf,9/22/2021 4:33:34 PM,8604590 bytes 
343,201902_oew - Copy.pdf,9/22/2021 4:33:34 PM,8604590 bytes 
344,201903_oew - Copy - Copy (2) - Copy.pdf,9/22/2021 4:33:34 PM,7069800 bytes 
345,201903_oew - Copy - Copy (2).pdf,9/22/2021 4:33:34 PM,7069800 bytes 
346,201903_oew - Copy - Copy (3) - Copy.pdf,9/22/2021 4:33:34 PM,7069800 bytes 
347,201903_oew - Copy - Copy (3).pdf,9/22/2021 4:33:34 PM,7069800 bytes 
348,201903_oew - Copy - Copy (4).pdf,9/22/2021 4:33:34 PM,7069800 bytes 
349,201903_oew - Copy - Copy - Copy (2).pdf,9/22/2021 4:33:34 PM,7069800 bytes 
350,201903_oew - Copy - Copy - Copy (3).pdf,9/22/2021 4:33:34 PM,7069800 bytes 
351,201903_oew - Copy - Copy - Copy - Copy (2).pdf,9/22/2021 4:33:34 PM,7069800 bytes 
352,201903_oew - Copy - Copy - Copy - Copy.pdf,9/22/2021 4:33:34 PM,7069800 bytes 
353,201903_oew - Copy - Copy - Copy.pdf,9/22/2021 4:33:34 PM,7069800 bytes 
354,201903_oew - Copy - Copy.pdf,9/22/2021 4:33:34 PM,7069800 bytes 
355,201903_oew - Copy.pdf,9/22/2021 4:33:34 PM,7069800 bytes 
356,201904_oew - Copy - Copy (2) - Copy.pdf,9/22/2021 4:33:34 PM,6298468 bytes 
357,201904_oew - Copy - Copy (2).pdf,9/22/2021 4:33:34 PM,6298468 bytes 
358,201904_oew - Copy - Copy (3) - Copy.pdf,9/22/2021 4:33:34 PM,6298468 bytes 
359,201904_oew - Copy - Copy (3).pdf,9/22/2021 4:33:34 PM,6298468 bytes 
360,201904_oew - Copy - Copy (4).pdf,9/22/2021 4:33:34 PM,6298468 bytes 
361,201904_oew - Copy - Copy - Copy (2).pdf,9/22/2021 4:33:34 PM,6298468 bytes 
362,201904_oew - Copy - Copy - Copy (3).pdf,9/22/2021 4:33:34 PM,6298468 bytes 
363,201904_oew - Copy - Copy - Copy - Copy.pdf,9/22/2021 4:33:34 PM,6298468 bytes 
364,201904_oew - Copy - Copy - Copy.pdf,9/22/2021 4:33:34 PM,6298468 bytes 
365,201904_oew - Copy - Copy.pdf,9/22/2021 4:33:34 PM,6298468 bytes 
366,201904_oew - Copy.pdf,9/22/2021 4:33:34 PM,6298468 bytes 
367,201905_oew - Copy - Copy (2) - Copy.pdf,9/22/2021 4:33:34 PM,6281497 bytes 
368,201905_oew - Copy - Copy (2).pdf,9/22/2021 4:33:34 PM,6281497 bytes 
369,201905_oew - Copy - Copy (3) - Copy.pdf,9/22/2021 4:33:34 PM,6281497 bytes 
370,201905_oew - Copy - Copy (3).pdf,9/22/2021 4:33:34 PM,6281497 bytes 
371,201905_oew - Copy - Copy (4).pdf,9/22/2021 4:33:34 PM,6281497 bytes 
372,201905_oew - Copy - Copy - Copy (2).pdf,9/22/2021 4:33:34 PM,6281497 bytes 
373,201905_oew - Copy - Copy - Copy (3).pdf,9/22/2021 4:33:34 PM,6281497 bytes 
374,201905_oew - Copy - Copy - Copy - Copy (2).pdf,9/22/2021 4:33:34 PM,6281497 bytes 
375,201905_oew - Copy - Copy - Copy - Copy.pdf,9/22/2021 4:33:34 PM,6281497 bytes 
376,201905_oew - Copy - Copy - Copy.pdf,9/22/2021 4:33:34 PM,6281497 bytes 
377,201905_oew - Copy - Copy.pdf,9/22/2021 4:33:34 PM,6281497 bytes 
378,201905_oew - Copy.pdf,9/22/2021 4:33:34 PM,6281497 bytes 
379,201906_oew - Copy - Copy (2) - Copy.pdf,9/22/2021 4:33:34 PM,5779552 bytes 
380,201906_oew - Copy - Copy (2).pdf,9/22/2021 4:33:34 PM,5779552 bytes 
381,201906_oew - Copy - Copy (3) - Copy.pdf,9/22/2021 4:33:34 PM,5779552 bytes 
382,201906_oew - Copy - Copy (3).pdf,9/22/2021 4:33:34 PM,5779552 bytes 
383,201906_oew - Copy - Copy (4).pdf,9/22/2021 4:33:34 PM,5779552 bytes 
384,201906_oew - Copy - Copy - Copy (2).pdf,9/22/2021 4:33:34 PM,5779552 bytes 
385,201906_oew - Copy - Copy - Copy (3).pdf,9/22/2021 4:33:34 PM,5779552 bytes 
386,201906_oew - Copy - Copy - Copy - Copy (2).pdf,9/22/2021 4:33:34 PM,5779552 bytes 
387,201906_oew - Copy - Copy - Copy - Copy.pdf,9/22/2021 4:33:34 PM,5779552 bytes 
388,201906_oew - Copy - Copy - Copy.pdf,9/22/2021 4:33:34 PM,5779552 bytes 
389,201906_oew - Copy - Copy.pdf,9/22/2021 4:33:34 PM,5779552 bytes 
390,201906_oew - Copy.pdf,9/22/2021 4:33:34 PM,5779552 bytes 
391,201907_oew - Copy - Copy (2) - Copy.pdf,9/22/2021 4:33:34 PM,6705965 bytes 
392,201907_oew - Copy - Copy (2).pdf,9/22/2021 4:33:34 PM,6705965 bytes 
393,201907_oew - Copy - Copy (3) - Copy.pdf,9/22/2021 4:33:34 PM,6705965 bytes 
394,201907_oew - Copy - Copy (3).pdf,9/22/2021 4:33:34 PM,6705965 bytes 
395,201907_oew - Copy - Copy (4).pdf,9/22/2021 4:33:34 PM,6705965 bytes 
396,201907_oew - Copy - Copy - Copy (2).pdf,9/22/2021 4:33:34 PM,6705965 bytes 
397,201907_oew - Copy - Copy - Copy (3).pdf,9/22/2021 4:33:34 PM,6705965 bytes 
398,201907_oew - Copy - Copy - Copy - Copy (2).pdf,9/22/2021 4:33:34 PM,6705965 bytes 
399,201907_oew - Copy - Copy - Copy - Copy.pdf,9/22/2021 4:33:34 PM,6705965 bytes 
400,201907_oew - Copy - Copy - Copy.pdf,9/22/2021 4:33:34 PM,6705965 bytes 
401,201907_oew - Copy - Copy.pdf,9/22/2021 4:33:34 PM,6705965 bytes 
402,201907_oew - Copy.pdf,9/22/2021 4:33:34 PM,6705965 bytes 
403,201908_oew - Copy - Copy (2) - Copy.pdf,9/22/2021 4:33:34 PM,6558453 bytes 
404,201908_oew - Copy - Copy (2).pdf,9/22/2021 4:33:34 PM,6558453 bytes 
405,201908_oew - Copy - Copy (3) - Copy.pdf,9/22/2021 4:33:34 PM,6558453 bytes 
406,201908_oew - Copy - Copy (3).pdf,9/22/2021 4:33:34 PM,6558453 bytes 
407,201908_oew - Copy - Copy (4).pdf,9/22/2021 4:33:34 PM,6558453 bytes 
408,201908_oew - Copy - Copy - Copy (2).pdf,9/22/2021 4:33:34 PM,6558453 bytes 
409,201908_oew - Copy - Copy - Copy (3).pdf,9/22/2021 4:33:34 PM,6558453 bytes 
410,201908_oew - Copy - Copy - Copy - Copy (2).pdf,9/22/2021 4:33:34 PM,6558453 bytes 
411,201908_oew - Copy - Copy - Copy - Copy.pdf,9/22/2021 4:33:34 PM,6558453 bytes 
412,201908_oew - Copy - Copy - Copy.pdf,9/22/2021 4:33:34 PM,6558453 bytes 
413,201908_oew - Copy - Copy.pdf,9/22/2021 4:33:34 PM,6558453 bytes 
414,201908_oew - Copy.pdf,9/22/2021 4:33:34 PM,6558453 bytes 
415,201909_oew - Copy - Copy (2) - Copy.pdf,9/22/2021 4:33:35 PM,6574857 bytes 
416,201909_oew - Copy - Copy (2).pdf,9/22/2021 4:33:35 PM,6574857 bytes 
417,201909_oew - Copy - Copy (3) - Copy.pdf,9/22/2021 4:33:35 PM,6574857 bytes 
418,201909_oew - Copy - Copy (3).pdf,9/22/2021 4:33:35 PM,6574857 bytes 
419,201909_oew - Copy - Copy (4).pdf,9/22/2021 4:33:35 PM,6574857 bytes 
420,201909_oew - Copy - Copy - Copy (2).pdf,9/22/2021 4:33:35 PM,6574857 bytes 
421,201909_oew - Copy - Copy - Copy (3).pdf,9/22/2021 4:33:35 PM,6574857 bytes 
422,201909_oew - Copy - Copy - Copy - Copy (2).pdf,9/22/2021 4:33:35 PM,6574857 bytes 
423,201909_oew - Copy - Copy - Copy - Copy.pdf,9/22/2021 4:33:35 PM,6574857 bytes 
424,201909_oew - Copy - Copy - Copy.pdf,9/22/2021 4:33:35 PM,6574857 bytes 
425,201909_oew - Copy - Copy.pdf,9/22/2021 4:33:35 PM,6574857 bytes 
426,201909_oew - Copy.pdf,9/22/2021 4:33:35 PM,6574857 bytes 
427,201910_oew - Copy - Copy (2) - Copy.pdf,9/22/2021 4:33:35 PM,7691013 bytes 
428,201910_oew - Copy - Copy (2).pdf,9/22/2021 4:33:35 PM,7691013 bytes 
429,201910_oew - Copy - Copy (3) - Copy.pdf,9/22/2021 4:33:35 PM,7691013 bytes 
430,201910_oew - Copy - Copy (3).pdf,9/22/2021 4:33:35 PM,7691013 bytes 
431,201910_oew - Copy - Copy (4).pdf,9/22/2021 4:33:35 PM,7691013 bytes 
432,201910_oew - Copy - Copy - Copy (2).pdf,9/22/2021 4:33:35 PM,7691013 bytes 
433,201910_oew - Copy - Copy - Copy (3).pdf,9/22/2021 4:33:35 PM,7691013 bytes 
434,201910_oew - Copy - Copy - Copy - Copy (2).pdf,9/22/2021 4:33:35 PM,7691013 bytes 
435,201910_oew - Copy - Copy - Copy - Copy.pdf,9/22/2021 4:33:35 PM,7691013 bytes 
436,201910_oew - Copy - Copy - Copy.pdf,9/22/2021 4:33:35 PM,7691013 bytes 
437,201910_oew - Copy - Copy.pdf,9/22/2021 4:33:35 PM,7691013 bytes 
438,201910_oew - Copy.pdf,9/22/2021 4:33:35 PM,7691013 bytes 
439,201911_oew - Copy - Copy (2) - Copy.pdf,9/22/2021 4:33:35 PM,8136690 bytes 
440,201911_oew - Copy - Copy (2).pdf,9/22/2021 4:33:35 PM,8136690 bytes 
441,201911_oew - Copy - Copy (3) - Copy.pdf,9/22/2021 4:33:35 PM,8136690 bytes 
442,201911_oew - Copy - Copy (3).pdf,9/22/2021 4:33:35 PM,8136690 bytes 
443,201911_oew - Copy - Copy (4).pdf,9/22/2021 4:33:35 PM,8136690 bytes 
444,201911_oew - Copy - Copy - Copy (2).pdf,9/22/2021 4:33:35 PM,8136690 bytes 
445,201911_oew - Copy - Copy - Copy (3).pdf,9/22/2021 4:33:35 PM,8136690 bytes 
446,201911_oew - Copy - Copy - Copy - Copy (2).pdf,9/22/2021 4:33:35 PM,8136690 bytes 
447,201911_oew - Copy - Copy - Copy - Copy.pdf,9/22/2021 4:33:35 PM,8136690 bytes 
448,201911_oew - Copy - Copy - Copy.pdf,9/22/2021 4:33:35 PM,8136690 bytes 
449,201911_oew - Copy - Copy.pdf,9/22/2021 4:33:35 PM,8136690 bytes 
450,201911_oew - Copy.pdf,9/22/2021 4:33:35 PM,8136690 bytes 
451,201912_oew - Copy - Copy (2) - Copy.pdf,9/22/2021 4:33:35 PM,7571006 bytes 
452,201912_oew - Copy - Copy (2).pdf,9/22/2021 4:33:35 PM,7571006 bytes 
453,201912_oew - Copy - Copy (3) - Copy.pdf,9/22/2021 4:33:35 PM,7571006 bytes 
454,201912_oew - Copy - Copy (3).pdf,9/22/2021 4:33:35 PM,7571006 bytes 
455,201912_oew - Copy - Copy (4).pdf,9/22/2021 4:33:35 PM,7571006 bytes 
456,201912_oew - Copy - Copy - Copy (2).pdf,9/22/2021 4:33:35 PM,7571006 bytes 
457,201912_oew - Copy - Copy - Copy (3).pdf,9/22/2021 4:33:35 PM,7571006 bytes 
458,201912_oew - Copy - Copy - Copy - Copy (2).pdf,9/22/2021 4:33:35 PM,7571006 bytes 
459,201912_oew - Copy - Copy - Copy - Copy.pdf,9/22/2021 4:33:35 PM,7571006 bytes 
460,201912_oew - Copy - Copy - Copy.pdf,9/22/2021 4:33:35 PM,7571006 bytes 
461,201912_oew - Copy - Copy.pdf,9/22/2021 4:33:35 PM,7571006 bytes 
462,201912_oew - Copy.pdf,9/22/2021 4:33:35 PM,7571006 bytes 
463,202001_oew - Copy - Copy (2) - Copy.pdf,9/22/2021 4:33:35 PM,28257381 bytes 
464,202001_oew - Copy - Copy (2).pdf,9/22/2021 4:33:35 PM,28257381 bytes 
465,202001_oew - Copy - Copy (3) - Copy.pdf,9/22/2021 4:33:35 PM,28257381 bytes 
466,202001_oew - Copy - Copy (3).pdf,9/22/2021 4:33:35 PM,28257381 bytes 
467,202001_oew - Copy - Copy (4).pdf,9/22/2021 4:33:35 PM,28257381 bytes 
468,202001_oew - Copy - Copy - Copy (2).pdf,9/22/2021 4:33:35 PM,28257381 bytes 
469,202001_oew - Copy - Copy - Copy (3).pdf,9/22/2021 4:33:35 PM,28257381 bytes 
470,202001_oew - Copy - Copy - Copy - Copy (2).pdf,9/22/2021 4:33:35 PM,28257381 bytes 
471,202001_oew - Copy - Copy - Copy - Copy.pdf,9/22/2021 4:33:35 PM,28257381 bytes 
472,202001_oew - Copy - Copy - Copy.pdf,9/22/2021 4:33:35 PM,28257381 bytes 
473,202001_oew - Copy - Copy.pdf,9/22/2021 4:33:35 PM,28257381 bytes 
474,202001_oew - Copy.pdf,9/22/2021 4:33:35 PM,28257381 bytes 
475,202002_oew - Copy - Copy (2) - Copy.pdf,9/22/2021 4:33:35 PM,8765248 bytes 
476,202002_oew - Copy - Copy (2).pdf,9/22/2021 4:33:35 PM,8765248 bytes 
477,202002_oew - Copy - Copy (3) - Copy.pdf,9/22/2021 4:33:35 PM,8765248 bytes 
478,202002_oew - Copy - Copy (3).pdf,9/22/2021 4:33:35 PM,8765248 bytes 
479,202002_oew - Copy - Copy (4).pdf,9/22/2021 4:33:35 PM,8765248 bytes 
480,202002_oew - Copy - Copy - Copy (2).pdf,9/22/2021 4:33:35 PM,8765248 bytes 
481,202002_oew - Copy - Copy - Copy (3).pdf,9/22/2021 4:33:35 PM,8765248 bytes 
482,202002_oew - Copy - Copy - Copy - Copy (2).pdf,9/22/2021 4:33:35 PM,8765248 bytes 
483,202002_oew - Copy - Copy - Copy - Copy.pdf,9/22/2021 4:33:35 PM,8765248 bytes 
484,202002_oew - Copy - Copy - Copy.pdf,9/22/2021 4:33:35 PM,8765248 bytes 
485,202002_oew - Copy - Copy.pdf,9/22/2021 4:33:35 PM,8765248 bytes 
486,202002_oew - Copy.pdf,9/22/2021 4:33:35 PM,8765248 bytes 
487,202003_oew - Copy - Copy (2) - Copy.pdf,9/22/2021 4:33:35 PM,8577701 bytes 
488,202003_oew - Copy - Copy (2).pdf,9/22/2021 4:33:35 PM,8577701 bytes 
489,202003_oew - Copy - Copy (3) - Copy.pdf,9/22/2021 4:33:35 PM,8577701 bytes 
490,202003_oew - Copy - Copy (3).pdf,9/22/2021 4:33:35 PM,8577701 bytes 
491,202003_oew - Copy - Copy (4).pdf,9/22/2021 4:33:35 PM,8577701 bytes 
492,202003_oew - Copy - Copy - Copy (2).pdf,9/22/2021 4:33:35 PM,8577701 bytes 
493,202003_oew - Copy - Copy - Copy (3).pdf,9/22/2021 4:33:35 PM,8577701 bytes 
494,202003_oew - Copy - Copy - Copy - Copy (2).pdf,9/22/2021 4:33:35 PM,8577701 bytes 
495,202003_oew - Copy - Copy - Copy - Copy.pdf,9/22/2021 4:33:35 PM,8577701 bytes 
496,202003_oew - Copy - Copy - Copy.pdf,9/22/2021 4:33:35 PM,8577701 bytes 
497,202003_oew - Copy - Copy.pdf,9/22/2021 4:33:35 PM,8577701 bytes 
498,202003_oew - Copy.pdf,9/22/2021 4:33:35 PM,8577701 bytes 
499,202004_oew - Copy - Copy (2) - Copy.pdf,9/22/2021 4:33:35 PM,7719488 bytes 
500,202004_oew - Copy - Copy (2).pdf,9/22/2021 4:33:35 PM,7719488 bytes 
501,202004_oew - Copy - Copy (3) - Copy.pdf,9/22/2021 4:33:35 PM,7719488 bytes 
502,202004_oew - Copy - Copy (3).pdf,9/22/2021 4:33:35 PM,7719488 bytes 
503,202004_oew - Copy - Copy (4).pdf,9/22/2021 4:33:35 PM,7719488 bytes 
504,202004_oew - Copy - Copy - Copy (2).pdf,9/22/2021 4:33:35 PM,7719488 bytes 
505,202004_oew - Copy - Copy - Copy (3).pdf,9/22/2021 4:33:35 PM,7719488 bytes 
506,202004_oew - Copy - Copy - Copy - Copy (2).pdf,9/22/2021 4:33:35 PM,7719488 bytes 
507,202004_oew - Copy - Copy - Copy - Copy.pdf,9/22/2021 4:33:35 PM,7719488 bytes 
508,202004_oew - Copy - Copy - Copy.pdf,9/22/2021 4:33:35 PM,7719488 bytes 
509,202004_oew - Copy - Copy.pdf,9/22/2021 4:33:35 PM,7719488 bytes 
510,202004_oew - Copy.pdf,9/22/2021 4:33:35 PM,7719488 bytes 
511,202005_oew - Copy - Copy (2) - Copy.pdf,9/22/2021 4:33:35 PM,8431984 bytes 
512,202005_oew - Copy - Copy (2).pdf,9/22/2021 4:33:35 PM,8431984 bytes 
513,202005_oew - Copy - Copy (3) - Copy.pdf,9/22/2021 4:33:35 PM,8431984 bytes 
514,202005_oew - Copy - Copy (3).pdf,9/22/2021 4:33:35 PM,8431984 bytes 
515,202005_oew - Copy - Copy (4).pdf,9/22/2021 4:33:35 PM,8431984 bytes 
516,202005_oew - Copy - Copy - Copy (2).pdf,9/22/2021 4:33:35 PM,8431984 bytes 
517,202005_oew - Copy - Copy - Copy (3).pdf,9/22/2021 4:33:35 PM,8431984 bytes 
518,202005_oew - Copy - Copy - Copy - Copy (2).pdf,9/22/2021 4:33:35 PM,8431984 bytes 
519,202005_oew - Copy - Copy - Copy - Copy.pdf,9/22/2021 4:33:35 PM,8431984 bytes 
520,202005_oew - Copy - Copy - Copy.pdf,9/22/2021 4:33:35 PM,8431984 bytes 
521,202005_oew - Copy - Copy.pdf,9/22/2021 4:33:35 PM,8431984 bytes 
522,202005_oew - Copy.pdf,9/22/2021 4:33:35 PM,8431984 bytes 
523,202006_oew - Copy - Copy (2) - Copy.pdf,9/22/2021 4:33:35 PM,8623177 bytes 
524,202006_oew - Copy - Copy (2).pdf,9/22/2021 4:33:35 PM,8623177 bytes 
525,202006_oew - Copy - Copy (3) - Copy.pdf,9/22/2021 4:33:35 PM,8623177 bytes 
526,202006_oew - Copy - Copy (3).pdf,9/22/2021 4:33:35 PM,8623177 bytes 
527,202006_oew - Copy - Copy (4).pdf,9/22/2021 4:33:35 PM,8623177 bytes 
528,202006_oew - Copy - Copy - Copy (2).pdf,9/22/2021 4:33:35 PM,8623177 bytes 
529,202006_oew - Copy - Copy - Copy (3).pdf,9/22/2021 4:33:35 PM,8623177 bytes 
530,202006_oew - Copy - Copy - Copy - Copy (2).pdf,9/22/2021 4:33:35 PM,8623177 bytes 
531,202006_oew - Copy - Copy - Copy - Copy.pdf,9/22/2021 4:33:35 PM,8623177 bytes 
532,202006_oew - Copy - Copy - Copy.pdf,9/22/2021 4:33:35 PM,8623177 bytes 
533,202006_oew - Copy - Copy.pdf,9/22/2021 4:33:35 PM,8623177 bytes 
534,202006_oew - Copy.pdf,9/22/2021 4:33:35 PM,8623177 bytes 
535,202007_oew - Copy - Copy (2) - Copy.pdf,9/22/2021 4:33:35 PM,10362223 bytes 
536,202007_oew - Copy - Copy (2).pdf,9/22/2021 4:33:35 PM,10362223 bytes 
537,202007_oew - Copy - Copy (3) - Copy.pdf,9/22/2021 4:33:35 PM,10362223 bytes 
538,202007_oew - Copy - Copy (3).pdf,9/22/2021 4:33:35 PM,10362223 bytes 
539,202007_oew - Copy - Copy (4).pdf,9/22/2021 4:33:35 PM,10362223 bytes 
540,202007_oew - Copy - Copy - Copy (2).pdf,9/22/2021 4:33:35 PM,10362223 bytes 
541,202007_oew - Copy - Copy - Copy (3).pdf,9/22/2021 4:33:35 PM,10362223 bytes 
542,202007_oew - Copy - Copy - Copy - Copy (2).pdf,9/22/2021 4:33:35 PM,10362223 bytes 
543,202007_oew - Copy - Copy - Copy - Copy.pdf,9/22/2021 4:33:35 PM,10362223 bytes 
544,202007_oew - Copy - Copy - Copy.pdf,9/22/2021 4:33:35 PM,10362223 bytes 
545,202007_oew - Copy - Copy.pdf,9/22/2021 4:33:35 PM,10362223 bytes 
546,202007_oew - Copy.pdf,9/22/2021 4:33:35 PM,10362223 bytes 
547,202008_oew - Copy - Copy (2) - Copy.pdf,9/22/2021 4:33:35 PM,8462444 bytes 
548,202008_oew - Copy - Copy (2).pdf,9/22/2021 4:33:35 PM,8462444 bytes 
549,202008_oew - Copy - Copy (3) - Copy.pdf,9/22/2021 4:33:35 PM,8462444 bytes 
550,202008_oew - Copy - Copy (3).pdf,9/22/2021 4:33:35 PM,8462444 bytes 
551,202008_oew - Copy - Copy (4).pdf,9/22/2021 4:33:35 PM,8462444 bytes 
552,202008_oew - Copy - Copy - Copy (2).pdf,9/22/2021 4:33:35 PM,8462444 bytes 
553,202008_oew - Copy - Copy - Copy (3).pdf,9/22/2021 4:33:35 PM,8462444 bytes 
554,202008_oew - Copy - Copy - Copy - Copy (2).pdf,9/22/2021 4:33:35 PM,8462444 bytes 
555,202008_oew - Copy - Copy - Copy - Copy.pdf,9/22/2021 4:33:35 PM,8462444 bytes 
556,202008_oew - Copy - Copy - Copy.pdf,9/22/2021 4:33:35 PM,8462444 bytes 
557,202008_oew - Copy - Copy.pdf,9/22/2021 4:33:35 PM,8462444 bytes 
558,202008_oew - Copy.pdf,9/22/2021 4:33:35 PM,8462444 bytes 
559,202009_oew - Copy - Copy (2) - Copy.pdf,9/22/2021 4:33:35 PM,7187569 bytes 
560,202009_oew - Copy - Copy (2).pdf,9/22/2021 4:33:35 PM,7187569 bytes 
561,202009_oew - Copy - Copy (3) - Copy.pdf,9/22/2021 4:33:35 PM,7187569 bytes 
562,202009_oew - Copy - Copy (3).pdf,9/22/2021 4:33:35 PM,7187569 bytes 
563,202009_oew - Copy - Copy (4).pdf,9/22/2021 4:33:35 PM,7187569 bytes 
564,202009_oew - Copy - Copy - Copy (2).pdf,9/22/2021 4:33:35 PM,7187569 bytes 
565,202009_oew - Copy - Copy - Copy (3).pdf,9/22/2021 4:33:35 PM,7187569 bytes 
566,202009_oew - Copy - Copy - Copy - Copy (2).pdf,9/22/2021 4:33:35 PM,7187569 bytes 
567,202009_oew - Copy - Copy - Copy - Copy.pdf,9/22/2021 4:33:35 PM,7187569 bytes 
568,202009_oew - Copy - Copy - Copy.pdf,9/22/2021 4:33:35 PM,7187569 bytes 
569,202009_oew - Copy - Copy.pdf,9/22/2021 4:33:35 PM,7187569 bytes 
570,202009_oew - Copy.pdf,9/22/2021 4:33:35 PM,7187569 bytes 
571,202010_oew - Copy - Copy (2) - Copy.pdf,9/22/2021 4:33:35 PM,8086217 bytes 
572,202010_oew - Copy - Copy (2).pdf,9/22/2021 4:33:35 PM,8086217 bytes 
573,202010_oew - Copy - Copy (3) - Copy.pdf,9/22/2021 4:33:35 PM,8086217 bytes 
574,202010_oew - Copy - Copy (3).pdf,9/22/2021 4:33:35 PM,8086217 bytes 
575,202010_oew - Copy - Copy (4).pdf,9/22/2021 4:33:35 PM,8086217 bytes 
576,202010_oew - Copy - Copy - Copy (2).pdf,9/22/2021 4:33:35 PM,8086217 bytes 
577,202010_oew - Copy - Copy - Copy (3).pdf,9/22/2021 4:33:35 PM,8086217 bytes 
578,202010_oew - Copy - Copy - Copy - Copy (2).pdf,9/22/2021 4:33:35 PM,8086217 bytes 
579,202010_oew - Copy - Copy - Copy - Copy.pdf,9/22/2021 4:33:35 PM,8086217 bytes 
580,202010_oew - Copy - Copy - Copy.pdf,9/22/2021 4:33:35 PM,8086217 bytes 
581,202010_oew - Copy - Copy.pdf,9/22/2021 4:33:35 PM,8086217 bytes 
582,202010_oew - Copy.pdf,9/22/2021 4:33:35 PM,8086217 bytes 
583,202011_oew - Copy - Copy (2) - Copy.pdf,9/22/2021 4:33:35 PM,7926563 bytes 
584,202011_oew - Copy - Copy (2).pdf,9/22/2021 4:33:35 PM,7926563 bytes 
585,202011_oew - Copy - Copy (3) - Copy.pdf,9/22/2021 4:33:35 PM,7926563 bytes 
586,202011_oew - Copy - Copy (3).pdf,9/22/2021 4:33:35 PM,7926563 bytes 
587,202011_oew - Copy - Copy (4).pdf,9/22/2021 4:33:35 PM,7926563 bytes 
588,202011_oew - Copy - Copy - Copy (2).pdf,9/22/2021 4:33:35 PM,7926563 bytes 
589,202011_oew - Copy - Copy - Copy (3).pdf,9/22/2021 4:33:35 PM,7926563 bytes 
590,202011_oew - Copy - Copy - Copy - Copy (2).pdf,9/22/2021 4:33:35 PM,7926563 bytes 
591,202011_oew - Copy - Copy - Copy - Copy.pdf,9/22/2021 4:33:35 PM,7926563 bytes 
592,202011_oew - Copy - Copy - Copy.pdf,9/22/2021 4:33:35 PM,7926563 bytes 
593,202011_oew - Copy - Copy.pdf,9/22/2021 4:33:35 PM,7926563 bytes 
594,202011_oew - Copy.pdf,9/22/2021 4:33:35 PM,7926563 bytes 
595,202012_oew - Copy - Copy (2) - Copy.pdf,9/22/2021 4:33:36 PM,6041848 bytes 
596,202012_oew - Copy - Copy (2).pdf,9/22/2021 4:33:36 PM,6041848 bytes 
597,202012_oew - Copy - Copy (3) - Copy.pdf,9/22/2021 4:33:36 PM,6041848 bytes 
598,202012_oew - Copy - Copy (3).pdf,9/22/2021 4:33:36 PM,6041848 bytes 
599,202012_oew - Copy - Copy (4).pdf,9/22/2021 4:33:36 PM,6041848 bytes 
600,202012_oew - Copy - Copy - Copy (2).pdf,9/22/2021 4:33:36 PM,6041848 bytes 
601,202012_oew - Copy - Copy - Copy (3).pdf,9/22/2021 4:33:36 PM,6041848 bytes 
602,202012_oew - Copy - Copy - Copy - Copy (2).pdf,9/22/2021 4:33:36 PM,6041848 bytes 
603,202012_oew - Copy - Copy - Copy - Copy.pdf,9/22/2021 4:33:36 PM,6041848 bytes 
604,202012_oew - Copy - Copy - Copy.pdf,9/22/2021 4:33:36 PM,6041848 bytes 
605,202012_oew - Copy - Copy.pdf,9/22/2021 4:33:36 PM,6041848 bytes 
606,202012_oew - Copy.pdf,9/22/2021 4:33:36 PM,6041848 bytes 
607,202101_oew - Copy - Copy (2) - Copy.pdf,9/22/2021 4:33:36 PM,8388087 bytes 
608,202101_oew - Copy - Copy (2).pdf,9/22/2021 4:33:36 PM,8388087 bytes 
609,202101_oew - Copy - Copy (3) - Copy.pdf,9/22/2021 4:33:36 PM,8388087 bytes 
610,202101_oew - Copy - Copy (3).pdf,9/22/2021 4:33:36 PM,8388087 bytes 
611,202101_oew - Copy - Copy (4).pdf,9/22/2021 4:33:36 PM,8388087 bytes 
612,202101_oew - Copy - Copy - Copy (2).pdf,9/22/2021 4:33:36 PM,8388087 bytes 
613,202101_oew - Copy - Copy - Copy (3).pdf,9/22/2021 4:33:36 PM,8388087 bytes 
614,202101_oew - Copy - Copy - Copy - Copy (2).pdf,9/22/2021 4:33:36 PM,8388087 bytes 
615,202101_oew - Copy - Copy - Copy - Copy.pdf,9/22/2021 4:33:36 PM,8388087 bytes 
616,202101_oew - Copy - Copy - Copy.pdf,9/22/2021 4:33:36 PM,8388087 bytes 
617,202101_oew - Copy - Copy.pdf,9/22/2021 4:33:36 PM,8388087 bytes 
618,202101_oew - Copy.pdf,9/22/2021 4:33:36 PM,8388087 bytes 
619,202102_oew - Copy - Copy (2) - Copy.pdf,9/22/2021 4:33:36 PM,5415137 bytes 
620,202102_oew - Copy - Copy (2).pdf,9/22/2021 4:33:36 PM,5415137 bytes 
621,202102_oew - Copy - Copy (3) - Copy.pdf,9/22/2021 4:33:36 PM,5415137 bytes 
622,202102_oew - Copy - Copy (3).pdf,9/22/2021 4:33:36 PM,5415137 bytes 
623,202102_oew - Copy - Copy (4).pdf,9/22/2021 4:33:36 PM,5415137 bytes 
624,202102_oew - Copy - Copy - Copy (2).pdf,9/22/2021 4:33:36 PM,5415137 bytes 
625,202102_oew - Copy - Copy - Copy (3).pdf,9/22/2021 4:33:36 PM,5415137 bytes 
626,202102_oew - Copy - Copy - Copy - Copy (2).pdf,9/22/2021 4:33:36 PM,5415137 bytes 
627,202102_oew - Copy - Copy - Copy - Copy.pdf,9/22/2021 4:33:36 PM,5415137 bytes 
628,202102_oew - Copy - Copy - Copy.pdf,9/22/2021 4:33:36 PM,5415137 bytes 
629,202102_oew - Copy - Copy.pdf,9/22/2021 4:33:36 PM,5415137 bytes 
630,202102_oew - Copy.pdf,9/22/2021 4:33:36 PM,5415137 bytes 
631,202103_oew - Copy - Copy (2) - Copy.pdf,9/22/2021 4:33:36 PM,5283538 bytes 
632,202103_oew - Copy - Copy (2).pdf,9/22/2021 4:33:36 PM,5283538 bytes 
633,202103_oew - Copy - Copy (3) - Copy.pdf,9/22/2021 4:33:36 PM,5283538 bytes 
634,202103_oew - Copy - Copy (3).pdf,9/22/2021 4:33:36 PM,5283538 bytes 
635,202103_oew - Copy - Copy (4).pdf,9/22/2021 4:33:36 PM,5283538 bytes 
636,202103_oew - Copy - Copy - Copy (2).pdf,9/22/2021 4:33:36 PM,5283538 bytes 
637,202103_oew - Copy - Copy - Copy (3).pdf,9/22/2021 4:33:36 PM,5283538 bytes 
638,202103_oew - Copy - Copy - Copy - Copy (2).pdf,9/22/2021 4:33:36 PM,5283538 bytes 
639,202103_oew - Copy - Copy - Copy - Copy.pdf,9/22/2021 4:33:36 PM,5283538 bytes 
640,202103_oew - Copy - Copy - Copy.pdf,9/22/2021 4:33:36 PM,5283538 bytes 
641,202103_oew - Copy - Copy.pdf,9/22/2021 4:33:36 PM,5283538 bytes 
642,202103_oew - Copy.pdf,9/22/2021 4:33:36 PM,5283538 bytes 
643,202104_oew - Copy - Copy (2) - Copy.pdf,9/22/2021 4:33:36 PM,4860664 bytes 
644,202104_oew - Copy - Copy (2).pdf,9/22/2021 4:33:36 PM,4860664 bytes 
645,202104_oew - Copy - Copy (3) - Copy.pdf,9/22/2021 4:33:36 PM,4860664 bytes 
646,202104_oew - Copy - Copy (3).pdf,9/22/2021 4:33:36 PM,4860664 bytes 
647,202104_oew - Copy - Copy (4).pdf,9/22/2021 4:33:36 PM,4860664 bytes 
648,202104_oew - Copy - Copy - Copy (2).pdf,9/22/2021 4:33:36 PM,4860664 bytes 
649,202104_oew - Copy - Copy - Copy (3).pdf,9/22/2021 4:33:36 PM,4860664 bytes 
650,202104_oew - Copy - Copy - Copy - Copy (2).pdf,9/22/2021 4:33:36 PM,4860664 bytes 
651,202104_oew - Copy - Copy - Copy - Copy.pdf,9/22/2021 4:33:36 PM,4860664 bytes 
652,202104_oew - Copy - Copy - Copy.pdf,9/22/2021 4:33:36 PM,4860664 bytes 
653,202104_oew - Copy - Copy.pdf,9/22/2021 4:33:36 PM,4860664 bytes 
654,202104_oew - Copy.pdf,9/22/2021 4:33:36 PM,4860664 bytes 
655,202105_oew - Copy - Copy (2) - Copy.pdf,9/22/2021 4:33:36 PM,4178415 bytes 
656,202105_oew - Copy - Copy (2).pdf,9/22/2021 4:33:36 PM,4178415 bytes 
657,202105_oew - Copy - Copy (3) - Copy.pdf,9/22/2021 4:33:36 PM,4178415 bytes 
658,202105_oew - Copy - Copy (3).pdf,9/22/2021 4:33:36 PM,4178415 bytes 
659,202105_oew - Copy - Copy (4).pdf,9/22/2021 4:33:36 PM,4178415 bytes 
660,202105_oew - Copy - Copy - Copy (2).pdf,9/22/2021 4:33:36 PM,4178415 bytes 
661,202105_oew - Copy - Copy - Copy - Copy.pdf,9/22/2021 4:33:36 PM,4178415 bytes 
662,202105_oew - Copy - Copy - Copy.pdf,9/22/2021 4:33:36 PM,4178415 bytes 
663,202105_oew - Copy - Copy.pdf,9/22/2021 4:33:36 PM,4178415 bytes 
664,202105_oew - Copy.pdf,9/22/2021 4:33:36 PM,4178415 bytes 
665,202106_oew - Copy - Copy (2) - Copy.pdf,9/22/2021 4:33:36 PM,3610615 bytes 
666,202106_oew - Copy - Copy (2).pdf,9/22/2021 4:33:36 PM,3610615 bytes 
667,202106_oew - Copy - Copy (3) - Copy.pdf,9/22/2021 4:33:36 PM,3610615 bytes 
668,202106_oew - Copy - Copy (3).pdf,9/22/2021 4:33:36 PM,3610615 bytes 
669,202106_oew - Copy - Copy (4).pdf,9/22/2021 4:33:36 PM,3610615 bytes 
670,202106_oew - Copy - Copy - Copy (2).pdf,9/22/2021 4:33:36 PM,3610615 bytes 
671,202106_oew - Copy - Copy - Copy (3).pdf,9/22/2021 4:33:36 PM,3610615 bytes 
672,202106_oew - Copy - Copy - Copy - Copy (2).pdf,9/22/2021 4:33:36 PM,3610615 bytes 
673,202106_oew - Copy - Copy - Copy - Copy.pdf,9/22/2021 4:33:36 PM,3610615 bytes 
674,202106_oew - Copy - Copy - Copy.pdf,9/22/2021 4:33:36 PM,3610615 bytes 
675,202106_oew - Copy - Copy.pdf,9/22/2021 4:33:36 PM,3610615 bytes 
676,202106_oew - Copy.pdf,9/22/2021 4:33:36 PM,3610615 bytes 
677,202110_oew - Copy - Copy (2) - Copy.pdf,11/3/2021 9:22:09 AM,3506427 bytes 
678,202110_oew - Copy - Copy (2).pdf,11/3/2021 9:22:09 AM,3506427 bytes 
679,202110_oew - Copy - Copy (3) - Copy.pdf,11/3/2021 9:22:09 AM,3506427 bytes 
680,202110_oew - Copy - Copy (3).pdf,11/3/2021 9:22:09 AM,3506427 bytes 
681,202110_oew - Copy - Copy (4).pdf,11/3/2021 9:22:09 AM,3506427 bytes 
682,202110_oew - Copy - Copy - Copy (2).pdf,11/3/2021 9:22:09 AM,3506427 bytes 
683,202110_oew - Copy - Copy - Copy (3).pdf,11/3/2021 9:22:09 AM,3506427 bytes 
684,202110_oew - Copy - Copy - Copy - Copy (2).pdf,11/3/2021 9:22:09 AM,3506427 bytes 
685,202110_oew - Copy - Copy - Copy - Copy.pdf,11/3/2021 9:22:09 AM,3506427 bytes 
686,202110_oew - Copy - Copy - Copy.pdf,11/3/2021 9:22:09 AM,3506427 bytes 
687,202110_oew - Copy - Copy.pdf,11/3/2021 9:22:09 AM,3506427 bytes 
688,202110_oew - Copy.pdf,11/3/2021 9:22:09 AM,3506427 bytes 
689,202111_oew - Copy - Copy (2) - Copy.pdf,12/14/2021 9:02:02 PM,4169790 bytes 
690,202111_oew - Copy - Copy (2).pdf,12/14/2021 9:02:02 PM,4169790 bytes 
691,202111_oew - Copy - Copy (3) - Copy.pdf,12/14/2021 9:02:02 PM,4169790 bytes 
692,202111_oew - Copy - Copy (3).pdf,12/14/2021 9:02:02 PM,4169790 bytes 
693,202111_oew - Copy - Copy (4).pdf,12/14/2021 9:02:02 PM,4169790 bytes 
694,202111_oew - Copy - Copy - Copy (2).pdf,12/14/2021 9:02:02 PM,4169790 bytes 
695,202111_oew - Copy - Copy - Copy (3).pdf,12/14/2021 9:02:02 PM,4169790 bytes 
696,202111_oew - Copy - Copy - Copy - Copy (2).pdf,12/14/2021 9:02:02 PM,4169790 bytes 
697,202111_oew - Copy - Copy - Copy - Copy.pdf,12/14/2021 9:02:02 PM,4169790 bytes 
698,202111_oew - Copy - Copy - Copy.pdf,12/14/2021 9:02:02 PM,4169790 bytes 
699,202111_oew - Copy - Copy.pdf,12/14/2021 9:02:02 PM,4169790 bytes 
700,202111_oew - Copy.pdf,12/14/2021 9:02:02 PM,4169790 bytes 
